{"cameraMode":{"drawMode":0,"name":"Shaded","section":"Shading Mode"},"sceneLighting":true,"audioPlay":false,"sceneViewState":{"showFog":true,"showMaterialUpdate":false,"showSkybox":true,"showFlares":true,"showImageEffects":true,"showParticleSystems":true},"in2DMode":false,"pivot":{"x":-30.147594451904298,"y":-10.041236877441407,"z":-0.825552761554718},"rotation":{"x":0.12384164333343506,"y":-0.6692698001861572,"z":0.11454103142023087,"w":0.7236197590827942},"size":18.690845489501954,"orthographic":false}