{"cameraMode":{"drawMode":0,"name":"Shaded","section":"Shading Mode"},"sceneLighting":true,"audioPlay":false,"sceneViewState":{"showFog":true,"showMaterialUpdate":false,"showSkybox":true,"showFlares":true,"showImageEffects":true,"showParticleSystems":true},"in2DMode":false,"pivot":{"x":83.74152374267578,"y":8.82982063293457,"z":101.79864501953125},"rotation":{"x":0.17959660291671754,"y":-0.2006310671567917,"z":0.03744451701641083,"w":0.9623515605926514},"size":-6.729635238647461,"orthographic":false}